"sf__Id","sf__Created",Product2Id,ProductSellingModelId,IsDefault
"0iOdp00000001ObEAI","true","01tdp000006HfpiAAC","0jPdp00000000zREAQ","true"
"0iOdp00000001OcEAI","true","01tdp000006HfpjAAC","0jPdp00000000zREAQ","true"
"0iOdp00000001OdEAI","true","01tdp000006JIVdAAO","0jPdp00000000zREAQ","true"
"0iOdp00000001OeEAI","true","01tdp000006iM1fAAE","0jPdp00000000zREAQ","true"
"0iOdp00000001OfEAI","true","01tdp000006iM1gAAE","0jPdp00000000zREAQ","true"
"0iOdp00000001OgEAI","true","01tdp000006iM1iAAE","0jPdp00000000zNEAQ","true"
"0iOdp00000001OhEAI","true","01tdp000006iM1jAAE","0jPdp00000000zNEAQ","true"
"0iOdp00000001OiEAI","true","01tdp000006iM1kAAE","0jPdp00000000zNEAQ","true"
"0iOdp00000001OjEAI","true","01tdp000006iM1lAAE","0jPdp00000000zNEAQ","true"
"0iOdp00000001OkEAI","true","01tdp000006iM1mAAE","0jPdp00000000zNEAQ","true"
