"sf__Id","sf__Error",Product2Id,ProductSellingModelId,IsDefault
"","DUPLICATE_VALUE:Can't save this record: A product selling model option already exists for this combination of product and product selling model.:--","01tdp000006HfphAAC","0jPdp00000000zREAQ","true"
"","DUPLICATE_VALUE:Can't save this record: A product selling model option already exists for this combination of product and product selling model.:--","01tdp000006HfpkAAC","0jPdp00000000zREAQ","true"
"","DUPLICATE_VALUE:Can't save this record: A product selling model option already exists for this combination of product and product selling model.:--","01tdp000006HfplAAC","0jPdp00000000zREAQ","true"
"","DUPLICATE_VALUE:Can't save this record: A product selling model option already exists for this combination of product and product selling model.:--","01tdp000006HfpmAAC","0jPdp00000000zREAQ","true"
"","DUPLICATE_VALUE:Can't save this record: A product selling model option already exists for this combination of product and product selling model.:--","01tdp000006HfpnAAC","0jPdp00000000zREAQ","true"
"","DUPLICATE_VALUE:Can't save this record: A product selling model option already exists for this combination of product and product selling model.:--","01tdp000006HfpoAAC","0jPdp00000000zREAQ","true"
"","DUPLICATE_VALUE:Can't save this record: A product selling model option already exists for this combination of product and product selling model.:--","01tdp000006HfppAAC","0jPdp00000000zREAQ","true"
"","DUPLICATE_VALUE:Can't save this record: A product selling model option already exists for this combination of product and product selling model.:--","01tdp000006HfpqAAC","0jPdp00000000zREAQ","true"
"","DUPLICATE_VALUE:Can't save this record: A product selling model option already exists for this combination of product and product selling model.:--","01tdp000006HfprAAC","0jPdp00000000zREAQ","true"
"","DUPLICATE_VALUE:Can't save this record: A product selling model option already exists for this combination of product and product selling model.:--","01tdp000006HfpsAAC","0jPdp00000000zREAQ","true"
"","DUPLICATE_VALUE:Can't save this record: A product selling model option already exists for this combination of product and product selling model.:--","01tdp000006HfptAAC","0jPdp00000000zREAQ","true"
"","DUPLICATE_VALUE:Can't save this record: A product selling model option already exists for this combination of product and product selling model.:--","01tdp000006HfpuAAC","0jPdp00000000zREAQ","true"
"","DUPLICATE_VALUE:Can't save this record: A product selling model option already exists for this combination of product and product selling model.:--","01tdp000006HfpvAAC","0jPdp00000000zREAQ","true"
"","DUPLICATE_VALUE:Can't save this record: A product selling model option already exists for this combination of product and product selling model.:--","01tdp000006HfpwAAC","0jPdp00000000zREAQ","true"
"","DUPLICATE_VALUE:Can't save this record: A product selling model option already exists for this combination of product and product selling model.:--","01tdp000006HfpxAAC","0jPdp00000000zREAQ","true"
"","DUPLICATE_VALUE:Can't save this record: A product selling model option already exists for this combination of product and product selling model.:--","01tdp000006HfpyAAC","0jPdp00000000zREAQ","true"
"","DUPLICATE_VALUE:Can't save this record: A product selling model option already exists for this combination of product and product selling model.:--","01tdp000006HfpzAAC","0jPdp00000000zREAQ","true"
"","DUPLICATE_VALUE:Can't save this record: A product selling model option already exists for this combination of product and product selling model.:--","01tdp000006Hfq0AAC","0jPdp00000000zREAQ","true"
"","DUPLICATE_VALUE:Can't save this record: A product selling model option already exists for this combination of product and product selling model.:--","01tdp000006Hfq1AAC","0jPdp00000000zREAQ","true"
"","DUPLICATE_VALUE:Can't save this record: A product selling model option already exists for this combination of product and product selling model.:--","01tdp000006JEGjAAO","0jPdp00000000zREAQ","true"
"","DUPLICATE_VALUE:Can't save this record: A product selling model option already exists for this combination of product and product selling model.:--","01tdp000006JEGkAAO","0jPdp00000000zREAQ","true"
"","DUPLICATE_VALUE:Can't save this record: A product selling model option already exists for this combination of product and product selling model.:--","01tdp000006JEGlAAO","0jPdp00000000zREAQ","true"
"","INVALID_INPUT:Only one product selling model can be set as the default for a product.:--","01tdp000006iM1hAAE","0jPdp00000000zREAQ","true"
"","INVALID_INPUT:Only one product selling model can be set as the default for a product.:--","01tdp000006iM1hAAE","0jPdp00000000zNEAQ","true"
