Product2Id,ProductSellingModelId
01tdp000006HfphAAC,0jPdp00000000zREAQ
01tdp000006HfpiAAC,0jPdp00000000zREAQ
01tdp000006HfpjAAC,0jPdp00000000zREAQ
01tdp000006HfpkAAC,0jPdp00000000zREAQ
01tdp000006HfplAAC,0jPdp00000000zREAQ
01tdp000006HfpmAAC,0jPdp00000000zREAQ
01tdp000006HfpnAAC,0jPdp00000000zREAQ
01tdp000006HfpoAAC,0jPdp00000000zREAQ
01tdp000006HfppAAC,0jPdp00000000zREAQ
01tdp000006HfpqAAC,0jPdp00000000zREAQ
01tdp000006HfprAAC,0jPdp00000000zREAQ
01tdp000006HfpsAAC,0jPdp00000000zREAQ
01tdp000006HfptAAC,0jPdp00000000zREAQ
01tdp000006HfpuAAC,0jPdp00000000zREAQ
01tdp000006HfpvAAC,0jPdp00000000zREAQ
01tdp000006HfpwAAC,0jPdp00000000zREAQ
01tdp000006HfpxAAC,0jPdp00000000zREAQ
01tdp000006HfpyAAC,0jPdp00000000zREAQ
01tdp000006HfpzAAC,0jPdp00000000zREAQ
01tdp000006Hfq0AAC,0jPdp00000000zREAQ
01tdp000006Hfq1AAC,0jPdp00000000zREAQ
